start_pos	end_pos	chrom	start_seq	end_seq	start_support_reads	end_support_reads	total_support
121485177	121485188	NC_000001.10	TGGAATTTGCAA	TGGAATTTGCAA	2	1	3
121485185	121485358	NC_000001.10	GTTTGTAAAGTC	TTTGTAAAGTCT	2	1	3
121373488	121374179	NC_000001.10	NTGCTTCTGTTT	TGCTTCTGTTTA	1	1	2
17912842	17912938	NC_000001.10	TTTTTAAACATC	TTTTTAAACATC	23	40	63
121485155	121485216	NC_000001.10	GAATATCCACTT	TGAATATCCACT	3	1	4
121485356	121485378	NC_000001.10	TTTTGTGGAATT	TTTTTGTGGAAN	2	1	3
121485363	121485434	NC_000001.10	AGACCTCTTTGA	TCAGACCTCTTT	1	1	2
121485210	121485385	NC_000001.10	AATGGTAGAAAA	TCAATGGTAGAA	1	1	2
121484883	121485179	NC_000001.10	AGTCTGCAAGTG	AAAGTCTGCAAG	1	1	2
121484600	121484926	NC_000001.10	AGAAACGGCTGC	TCAGAAACGGCT	1	1	2
121485000	121485434	NC_000001.10	AGACCTCTTTGA	TCAGACCTCTTT	1	1	2
121484512	121485188	NC_000001.10	TGGAATTTCCAA	TGGAATTTGCAA	1	1	2
